month_start,kpi_id,kpi_name,unit,direction,owner,actual,prior_month,plan,pct_of_plan,variance_to_plan,amber_tolerance,status,status_label,status_rank,change_vs_prior_month,status_icon
2024-09-01,K02,New customers,count,higher,Head of Growth,776.000000,,800.000000,0.970000,-24.000000,0.100000,AMBER,Watch,2,flat,●
2024-09-01,K07,Monthly active customers,count,higher,Head of Product,714.000000,,700.000000,1.020000,14.000000,0.050000,GREEN,On plan,1,flat,▲
2024-09-01,K13,Total deposits,rm,higher,Treasurer,2433161.920000,,2500000.000000,0.973265,-66838.080000,0.050000,AMBER,Watch,2,flat,●
2024-09-01,K14,CASA ratio,pct,higher,Treasurer,0.970697,,0.900000,1.078552,0.070697,0.050000,GREEN,On plan,1,flat,▲
2024-09-01,K15,Cost of funds,pct,lower,Treasurer,0.020119,,0.022000,0.914492,-0.001881,0.050000,GREEN,On plan,1,flat,▲
2024-10-01,K02,New customers,count,higher,Head of Growth,810.000000,776.000000,850.000000,0.952941,-40.000000,0.100000,AMBER,Watch,2,better,●
2024-10-01,K07,Monthly active customers,count,higher,Head of Product,1338.000000,714.000000,1400.000000,0.955714,-62.000000,0.050000,AMBER,Watch,2,better,●
2024-10-01,K13,Total deposits,rm,higher,Treasurer,5297467.550000,2433161.920000,5000000.000000,1.059494,297467.550000,0.050000,GREEN,On plan,1,better,▲
2024-10-01,K14,CASA ratio,pct,higher,Treasurer,0.950448,0.970697,0.900000,1.056053,0.050448,0.050000,GREEN,On plan,1,worse,▲
2024-10-01,K15,Cost of funds,pct,lower,Treasurer,0.020186,0.020119,0.022000,0.917563,-0.001814,0.050000,GREEN,On plan,1,worse,▲
2024-11-01,K02,New customers,count,higher,Head of Growth,970.000000,810.000000,950.000000,1.021053,20.000000,0.100000,GREEN,On plan,1,better,▲
2024-11-01,K07,Monthly active customers,count,higher,Head of Product,1984.000000,1338.000000,2100.000000,0.944762,-116.000000,0.050000,RED,Off plan,3,better,▼
2024-11-01,K13,Total deposits,rm,higher,Treasurer,8106996.940000,5297467.550000,8000000.000000,1.013375,106996.940000,0.050000,GREEN,On plan,1,better,▲
2024-11-01,K14,CASA ratio,pct,higher,Treasurer,0.931257,0.950448,0.900000,1.034730,0.031257,0.050000,GREEN,On plan,1,worse,▲
2024-11-01,K15,Cost of funds,pct,lower,Treasurer,0.020267,0.020186,0.022000,0.921214,-0.001733,0.050000,GREEN,On plan,1,worse,▲
2024-12-01,K02,New customers,count,higher,Head of Growth,1012.000000,970.000000,1000.000000,1.012000,12.000000,0.100000,GREEN,On plan,1,better,▲
2024-12-01,K07,Monthly active customers,count,higher,Head of Product,2666.000000,1984.000000,2800.000000,0.952143,-134.000000,0.050000,AMBER,Watch,2,better,●
2024-12-01,K13,Total deposits,rm,higher,Treasurer,11606855.610000,8106996.940000,11000000.000000,1.055169,606855.610000,0.050000,GREEN,On plan,1,better,▲
2024-12-01,K14,CASA ratio,pct,higher,Treasurer,0.930308,0.931257,0.900000,1.033676,0.030308,0.050000,GREEN,On plan,1,worse,▲
2024-12-01,K15,Cost of funds,pct,lower,Treasurer,0.020304,0.020267,0.022000,0.922894,-0.001696,0.050000,GREEN,On plan,1,worse,▲
2025-01-01,K02,New customers,count,higher,Head of Growth,951.000000,1012.000000,1000.000000,0.951000,-49.000000,0.100000,AMBER,Watch,2,worse,●
2025-01-01,K07,Monthly active customers,count,higher,Head of Product,3292.000000,2666.000000,3400.000000,0.968235,-108.000000,0.050000,AMBER,Watch,2,better,●
2025-01-01,K13,Total deposits,rm,higher,Treasurer,15752900.840000,11606855.610000,14000000.000000,1.125207,1752900.840000,0.050000,GREEN,On plan,1,better,▲
2025-01-01,K14,CASA ratio,pct,higher,Treasurer,0.919551,0.930308,0.800000,1.149439,0.119551,0.050000,GREEN,On plan,1,worse,▲
2025-01-01,K15,Cost of funds,pct,lower,Treasurer,0.020336,0.020304,0.022000,0.924343,-0.001664,0.050000,GREEN,On plan,1,worse,▲
2025-01-01,K19,PAR30,pct,lower,Head of Credit Risk,0.000000,,0.025000,0.000000,-0.025000,0.100000,GREEN,On plan,1,flat,▲
2025-02-01,K02,New customers,count,higher,Head of Growth,989.000000,951.000000,1050.000000,0.941905,-61.000000,0.100000,AMBER,Watch,2,better,●
2025-02-01,K07,Monthly active customers,count,higher,Head of Product,3835.000000,3292.000000,4000.000000,0.958750,-165.000000,0.050000,AMBER,Watch,2,better,●
2025-02-01,K13,Total deposits,rm,higher,Treasurer,20237397.550000,15752900.840000,17500000.000000,1.156423,2737397.550000,0.050000,GREEN,On plan,1,better,▲
2025-02-01,K14,CASA ratio,pct,higher,Treasurer,0.911164,0.919551,0.800000,1.138956,0.111164,0.050000,GREEN,On plan,1,worse,▲
2025-02-01,K15,Cost of funds,pct,lower,Treasurer,0.020376,0.020336,0.022000,0.926163,-0.001624,0.050000,GREEN,On plan,1,worse,▲
2025-02-01,K19,PAR30,pct,lower,Head of Credit Risk,0.000000,0.000000,0.025000,0.000000,-0.025000,0.100000,GREEN,On plan,1,flat,▲
2025-03-01,K02,New customers,count,higher,Head of Growth,1173.000000,989.000000,1100.000000,1.066364,73.000000,0.100000,GREEN,On plan,1,better,▲
2025-03-01,K07,Monthly active customers,count,higher,Head of Product,4576.000000,3835.000000,4700.000000,0.973617,-124.000000,0.050000,AMBER,Watch,2,better,●
2025-03-01,K13,Total deposits,rm,higher,Treasurer,25400315.960000,20237397.550000,21000000.000000,1.209539,4400315.960000,0.050000,GREEN,On plan,1,better,▲
2025-03-01,K14,CASA ratio,pct,higher,Treasurer,0.775258,0.911164,0.800000,0.969072,-0.024742,0.050000,AMBER,Watch,2,worse,●
2025-03-01,K15,Cost of funds,pct,lower,Treasurer,0.021961,0.020376,0.022000,0.998227,-0.000039,0.050000,GREEN,On plan,1,worse,▲
2025-03-01,K19,PAR30,pct,lower,Head of Credit Risk,0.003600,0.000000,0.025000,0.143985,-0.021400,0.100000,GREEN,On plan,1,worse,▲
2025-04-01,K02,New customers,count,higher,Head of Growth,1140.000000,1173.000000,1150.000000,0.991304,-10.000000,0.100000,AMBER,Watch,2,worse,●
2025-04-01,K07,Monthly active customers,count,higher,Head of Product,5263.000000,4576.000000,5400.000000,0.974630,-137.000000,0.050000,AMBER,Watch,2,better,●
2025-04-01,K13,Total deposits,rm,higher,Treasurer,31896287.250000,25400315.960000,25000000.000000,1.275851,6896287.250000,0.050000,GREEN,On plan,1,better,▲
2025-04-01,K14,CASA ratio,pct,higher,Treasurer,0.675589,0.775258,0.800000,0.844487,-0.124411,0.050000,RED,Off plan,3,worse,▼
2025-04-01,K15,Cost of funds,pct,lower,Treasurer,0.024375,0.021961,0.022000,1.107975,0.002375,0.050000,RED,Off plan,3,worse,▼
2025-04-01,K19,PAR30,pct,lower,Head of Credit Risk,0.002681,0.003600,0.025000,0.107239,-0.022319,0.100000,GREEN,On plan,1,better,▲
2025-05-01,K02,New customers,count,higher,Head of Growth,1171.000000,1140.000000,1200.000000,0.975833,-29.000000,0.100000,AMBER,Watch,2,better,●
2025-05-01,K07,Monthly active customers,count,higher,Head of Product,5907.000000,5263.000000,6100.000000,0.968361,-193.000000,0.050000,AMBER,Watch,2,better,●
2025-05-01,K13,Total deposits,rm,higher,Treasurer,38498323.380000,31896287.250000,29000000.000000,1.327528,9498323.380000,0.050000,GREEN,On plan,1,better,▲
2025-05-01,K14,CASA ratio,pct,higher,Treasurer,0.631111,0.675589,0.800000,0.788889,-0.168889,0.050000,RED,Off plan,3,worse,▼
2025-05-01,K15,Cost of funds,pct,lower,Treasurer,0.025849,0.024375,0.022000,1.174941,0.003849,0.050000,RED,Off plan,3,worse,▼
2025-05-01,K19,PAR30,pct,lower,Head of Credit Risk,0.005727,0.002681,0.025000,0.229061,-0.019273,0.100000,GREEN,On plan,1,worse,▲
2025-06-01,K02,New customers,count,higher,Head of Growth,1166.000000,1171.000000,1250.000000,0.932800,-84.000000,0.100000,AMBER,Watch,2,worse,●
2025-06-01,K07,Monthly active customers,count,higher,Head of Product,6615.000000,5907.000000,6800.000000,0.972794,-185.000000,0.050000,AMBER,Watch,2,better,●
2025-06-01,K13,Total deposits,rm,higher,Treasurer,43554311.300000,38498323.380000,33000000.000000,1.319828,10554311.300000,0.050000,GREEN,On plan,1,better,▲
2025-06-01,K14,CASA ratio,pct,higher,Treasurer,0.655776,0.631111,0.800000,0.819720,-0.144224,0.050000,RED,Off plan,3,better,▼
2025-06-01,K15,Cost of funds,pct,lower,Treasurer,0.025959,0.025849,0.022000,1.179944,0.003959,0.050000,RED,Off plan,3,worse,▼
2025-06-01,K19,PAR30,pct,lower,Head of Credit Risk,0.005269,0.005727,0.025000,0.210744,-0.019731,0.100000,GREEN,On plan,1,better,▲
2025-07-01,K02,New customers,count,higher,Head of Growth,1248.000000,1166.000000,1300.000000,0.960000,-52.000000,0.100000,AMBER,Watch,2,better,●
2025-07-01,K07,Monthly active customers,count,higher,Head of Product,7379.000000,6615.000000,7500.000000,0.983867,-121.000000,0.050000,AMBER,Watch,2,better,●
2025-07-01,K13,Total deposits,rm,higher,Treasurer,49919742.790000,43554311.300000,37500000.000000,1.331193,12419742.790000,0.050000,GREEN,On plan,1,better,▲
2025-07-01,K14,CASA ratio,pct,higher,Treasurer,0.683107,0.655776,0.800000,0.853884,-0.116893,0.050000,RED,Off plan,3,better,▼
2025-07-01,K15,Cost of funds,pct,lower,Treasurer,0.025312,0.025959,0.022000,1.150530,0.003312,0.050000,RED,Off plan,3,better,▼
2025-07-01,K19,PAR30,pct,lower,Head of Credit Risk,0.005488,0.005269,0.025000,0.219540,-0.019512,0.100000,GREEN,On plan,1,worse,▲
2025-08-01,K02,New customers,count,higher,Head of Growth,1274.000000,1248.000000,1300.000000,0.980000,-26.000000,0.100000,AMBER,Watch,2,better,●
2025-08-01,K07,Monthly active customers,count,higher,Head of Product,8065.000000,7379.000000,8200.000000,0.983537,-135.000000,0.050000,AMBER,Watch,2,better,●
2025-08-01,K13,Total deposits,rm,higher,Treasurer,55283152.270000,49919742.790000,42000000.000000,1.316266,13283152.270000,0.050000,GREEN,On plan,1,better,▲
2025-08-01,K14,CASA ratio,pct,higher,Treasurer,0.691769,0.683107,0.800000,0.864711,-0.108231,0.050000,RED,Off plan,3,better,▼
2025-08-01,K15,Cost of funds,pct,lower,Treasurer,0.023750,0.025312,0.020000,1.187494,0.003750,0.050000,RED,Off plan,3,better,▼
2025-08-01,K19,PAR30,pct,lower,Head of Credit Risk,0.006521,0.005488,0.025000,0.260852,-0.018479,0.100000,GREEN,On plan,1,worse,▲
2025-09-01,K02,New customers,count,higher,Head of Growth,1301.000000,1274.000000,1350.000000,0.963704,-49.000000,0.100000,AMBER,Watch,2,better,●
2025-09-01,K07,Monthly active customers,count,higher,Head of Product,8815.000000,8065.000000,8900.000000,0.990449,-85.000000,0.050000,AMBER,Watch,2,better,●
2025-09-01,K13,Total deposits,rm,higher,Treasurer,60465024.800000,55283152.270000,47000000.000000,1.286490,13465024.800000,0.050000,GREEN,On plan,1,better,▲
2025-09-01,K14,CASA ratio,pct,higher,Treasurer,0.729641,0.691769,0.800000,0.912052,-0.070359,0.050000,RED,Off plan,3,better,▼
2025-09-01,K15,Cost of funds,pct,lower,Treasurer,0.022720,0.023750,0.020000,1.135977,0.002720,0.050000,RED,Off plan,3,better,▼
2025-09-01,K19,PAR30,pct,lower,Head of Credit Risk,0.010641,0.006521,0.025000,0.425631,-0.014359,0.100000,GREEN,On plan,1,worse,▲
2025-10-01,K02,New customers,count,higher,Head of Growth,1380.000000,1301.000000,1400.000000,0.985714,-20.000000,0.100000,AMBER,Watch,2,better,●
2025-10-01,K07,Monthly active customers,count,higher,Head of Product,9488.000000,8815.000000,9700.000000,0.978144,-212.000000,0.050000,AMBER,Watch,2,better,●
2025-10-01,K13,Total deposits,rm,higher,Treasurer,64932588.210000,60465024.800000,52000000.000000,1.248704,12932588.210000,0.050000,GREEN,On plan,1,better,▲
2025-10-01,K14,CASA ratio,pct,higher,Treasurer,0.778166,0.729641,0.800000,0.972707,-0.021834,0.050000,AMBER,Watch,2,better,●
2025-10-01,K15,Cost of funds,pct,lower,Treasurer,0.021165,0.022720,0.020000,1.058249,0.001165,0.050000,RED,Off plan,3,better,▼
2025-10-01,K19,PAR30,pct,lower,Head of Credit Risk,0.011501,0.010641,0.025000,0.460055,-0.013499,0.100000,GREEN,On plan,1,worse,▲
2025-11-01,K02,New customers,count,higher,Head of Growth,1465.000000,1380.000000,1450.000000,1.010345,15.000000,0.100000,GREEN,On plan,1,better,▲
2025-11-01,K07,Monthly active customers,count,higher,Head of Product,10370.000000,9488.000000,10500.000000,0.987619,-130.000000,0.050000,AMBER,Watch,2,better,●
2025-11-01,K13,Total deposits,rm,higher,Treasurer,70203165.040000,64932588.210000,57500000.000000,1.220925,12703165.040000,0.050000,GREEN,On plan,1,better,▲
2025-11-01,K14,CASA ratio,pct,higher,Treasurer,0.805801,0.778166,0.800000,1.007252,0.005801,0.050000,GREEN,On plan,1,better,▲
2025-11-01,K15,Cost of funds,pct,lower,Treasurer,0.019829,0.021165,0.020000,0.991459,-0.000171,0.050000,GREEN,On plan,1,better,▲
2025-11-01,K19,PAR30,pct,lower,Head of Credit Risk,0.015012,0.011501,0.025000,0.600462,-0.009988,0.100000,GREEN,On plan,1,worse,▲
2025-12-01,K02,New customers,count,higher,Head of Growth,1600.000000,1465.000000,1550.000000,1.032258,50.000000,0.100000,GREEN,On plan,1,better,▲
2025-12-01,K07,Monthly active customers,count,higher,Head of Product,11201.000000,10370.000000,11300.000000,0.991239,-99.000000,0.050000,AMBER,Watch,2,better,●
2025-12-01,K13,Total deposits,rm,higher,Treasurer,76447304.160000,70203165.040000,63000000.000000,1.213449,13447304.160000,0.050000,GREEN,On plan,1,better,▲
2025-12-01,K14,CASA ratio,pct,higher,Treasurer,0.794811,0.805801,0.800000,0.993514,-0.005189,0.050000,AMBER,Watch,2,worse,●
2025-12-01,K15,Cost of funds,pct,lower,Treasurer,0.019305,0.019829,0.020000,0.965251,-0.000695,0.050000,GREEN,On plan,1,better,▲
2025-12-01,K19,PAR30,pct,lower,Head of Credit Risk,0.020627,0.015012,0.025000,0.825062,-0.004373,0.100000,GREEN,On plan,1,worse,▲
2026-01-01,K02,New customers,count,higher,Head of Growth,1546.000000,1600.000000,1600.000000,0.966250,-54.000000,0.100000,AMBER,Watch,2,worse,●
2026-01-01,K07,Monthly active customers,count,higher,Head of Product,12000.000000,11201.000000,12100.000000,0.991736,-100.000000,0.050000,AMBER,Watch,2,better,●
2026-01-01,K13,Total deposits,rm,higher,Treasurer,82512299.600000,76447304.160000,69000000.000000,1.195830,13512299.600000,0.050000,GREEN,On plan,1,better,▲
2026-01-01,K14,CASA ratio,pct,higher,Treasurer,0.789380,0.794811,0.800000,0.986725,-0.010620,0.050000,AMBER,Watch,2,worse,●
2026-01-01,K15,Cost of funds,pct,lower,Treasurer,0.019323,0.019305,0.020000,0.966145,-0.000677,0.050000,GREEN,On plan,1,flat,▲
2026-01-01,K19,PAR30,pct,lower,Head of Credit Risk,0.031080,0.020627,0.030000,1.036013,0.001080,0.100000,AMBER,Watch,2,worse,●
2026-02-01,K02,New customers,count,higher,Head of Growth,1561.000000,1546.000000,1650.000000,0.946061,-89.000000,0.100000,AMBER,Watch,2,better,●
2026-02-01,K07,Monthly active customers,count,higher,Head of Product,12794.000000,12000.000000,12900.000000,0.991783,-106.000000,0.050000,AMBER,Watch,2,better,●
2026-02-01,K13,Total deposits,rm,higher,Treasurer,89736398.070000,82512299.600000,75000000.000000,1.196485,14736398.070000,0.050000,GREEN,On plan,1,better,▲
2026-02-01,K14,CASA ratio,pct,higher,Treasurer,0.788659,0.789380,0.800000,0.985824,-0.011341,0.050000,AMBER,Watch,2,flat,●
2026-02-01,K15,Cost of funds,pct,lower,Treasurer,0.019323,0.019323,0.020000,0.966169,-0.000677,0.050000,GREEN,On plan,1,flat,▲
2026-02-01,K19,PAR30,pct,lower,Head of Credit Risk,0.029772,0.031080,0.030000,0.992415,-0.000228,0.100000,GREEN,On plan,1,better,▲
2026-03-01,K02,New customers,count,higher,Head of Growth,1721.000000,1561.000000,1700.000000,1.012353,21.000000,0.100000,GREEN,On plan,1,better,▲
2026-03-01,K07,Monthly active customers,count,higher,Head of Product,13772.000000,12794.000000,13700.000000,1.005255,72.000000,0.050000,GREEN,On plan,1,better,▲
2026-03-01,K13,Total deposits,rm,higher,Treasurer,95421287.240000,89736398.070000,81000000.000000,1.178041,14421287.240000,0.050000,GREEN,On plan,1,better,▲
2026-03-01,K14,CASA ratio,pct,higher,Treasurer,0.788372,0.788659,0.800000,0.985465,-0.011628,0.050000,AMBER,Watch,2,flat,●
2026-03-01,K15,Cost of funds,pct,lower,Treasurer,0.019326,0.019323,0.020000,0.966284,-0.000674,0.050000,GREEN,On plan,1,flat,▲
2026-03-01,K19,PAR30,pct,lower,Head of Credit Risk,0.034770,0.029772,0.030000,1.158991,0.004770,0.100000,RED,Off plan,3,worse,▼
2026-04-01,K02,New customers,count,higher,Head of Growth,1616.000000,1721.000000,1750.000000,0.923429,-134.000000,0.100000,AMBER,Watch,2,worse,●
2026-04-01,K07,Monthly active customers,count,higher,Head of Product,14515.000000,13772.000000,14500.000000,1.001034,15.000000,0.050000,GREEN,On plan,1,better,▲
2026-04-01,K13,Total deposits,rm,higher,Treasurer,102411594.060000,95421287.240000,87500000.000000,1.170418,14911594.060000,0.050000,GREEN,On plan,1,better,▲
2026-04-01,K14,CASA ratio,pct,higher,Treasurer,0.790987,0.788372,0.800000,0.988734,-0.009013,0.050000,AMBER,Watch,2,better,●
2026-04-01,K15,Cost of funds,pct,lower,Treasurer,0.019329,0.019326,0.020000,0.966442,-0.000671,0.050000,GREEN,On plan,1,flat,▲
2026-04-01,K19,PAR30,pct,lower,Head of Credit Risk,0.034611,0.034770,0.030000,1.153710,0.004611,0.100000,RED,Off plan,3,better,▼
2026-05-01,K02,New customers,count,higher,Head of Growth,1906.000000,1616.000000,1800.000000,1.058889,106.000000,0.100000,GREEN,On plan,1,better,▲
2026-05-01,K07,Monthly active customers,count,higher,Head of Product,15643.000000,14515.000000,15300.000000,1.022418,343.000000,0.050000,GREEN,On plan,1,better,▲
2026-05-01,K13,Total deposits,rm,higher,Treasurer,109868998.540000,102411594.060000,94000000.000000,1.168819,15868998.540000,0.050000,GREEN,On plan,1,better,▲
2026-05-01,K14,CASA ratio,pct,higher,Treasurer,0.789027,0.790987,0.800000,0.986283,-0.010973,0.050000,AMBER,Watch,2,worse,●
2026-05-01,K15,Cost of funds,pct,lower,Treasurer,0.019335,0.019329,0.020000,0.966738,-0.000665,0.050000,GREEN,On plan,1,flat,▲
2026-05-01,K19,PAR30,pct,lower,Head of Credit Risk,0.034714,0.034611,0.030000,1.157120,0.004714,0.100000,RED,Off plan,3,worse,▼
2026-06-01,K02,New customers,count,higher,Head of Growth,1860.000000,1906.000000,1850.000000,1.005405,10.000000,0.100000,GREEN,On plan,1,worse,▲
2026-06-01,K07,Monthly active customers,count,higher,Head of Product,16516.000000,15643.000000,16200.000000,1.019506,316.000000,0.050000,GREEN,On plan,1,better,▲
2026-06-01,K13,Total deposits,rm,higher,Treasurer,116968593.900000,109868998.540000,101000000.000000,1.158105,15968593.900000,0.050000,GREEN,On plan,1,better,▲
2026-06-01,K14,CASA ratio,pct,higher,Treasurer,0.786050,0.789027,0.800000,0.982563,-0.013950,0.050000,AMBER,Watch,2,worse,●
2026-06-01,K15,Cost of funds,pct,lower,Treasurer,0.019341,0.019335,0.020000,0.967066,-0.000659,0.050000,GREEN,On plan,1,flat,▲
2026-06-01,K19,PAR30,pct,lower,Head of Credit Risk,0.036654,0.034714,0.030000,1.221799,0.006654,0.100000,RED,Off plan,3,worse,▼
2026-07-01,K02,New customers,count,higher,Head of Growth,1966.000000,1860.000000,1900.000000,1.034737,66.000000,0.100000,GREEN,On plan,1,better,▲
2026-07-01,K07,Monthly active customers,count,higher,Head of Product,17527.000000,16516.000000,17100.000000,1.024971,427.000000,0.050000,GREEN,On plan,1,better,▲
2026-07-01,K13,Total deposits,rm,higher,Treasurer,124912658.750000,116968593.900000,108000000.000000,1.156599,16912658.750000,0.050000,GREEN,On plan,1,better,▲
2026-07-01,K14,CASA ratio,pct,higher,Treasurer,0.781257,0.786050,0.800000,0.976571,-0.018743,0.050000,AMBER,Watch,2,worse,●
2026-07-01,K15,Cost of funds,pct,lower,Treasurer,0.019347,0.019341,0.020000,0.967358,-0.000653,0.050000,GREEN,On plan,1,flat,▲
2026-07-01,K19,PAR30,pct,lower,Head of Credit Risk,0.032956,0.036654,0.030000,1.098522,0.002956,0.100000,AMBER,Watch,2,better,●
2026-08-01,K02,New customers,count,higher,Head of Growth,1972.000000,1966.000000,1950.000000,1.011282,22.000000,0.100000,GREEN,On plan,1,better,▲
2026-08-01,K07,Monthly active customers,count,higher,Head of Product,18522.000000,17527.000000,18000.000000,1.029000,522.000000,0.050000,GREEN,On plan,1,better,▲
2026-08-01,K13,Total deposits,rm,higher,Treasurer,132182650.560000,124912658.750000,115000000.000000,1.149414,17182650.560000,0.050000,GREEN,On plan,1,better,▲
2026-08-01,K14,CASA ratio,pct,higher,Treasurer,0.781857,0.781257,0.800000,0.977321,-0.018143,0.050000,AMBER,Watch,2,flat,●
2026-08-01,K15,Cost of funds,pct,lower,Treasurer,0.019351,0.019347,0.020000,0.967564,-0.000649,0.050000,GREEN,On plan,1,flat,▲
2026-08-01,K19,PAR30,pct,lower,Head of Credit Risk,0.029851,0.032956,0.030000,0.995032,-0.000149,0.100000,GREEN,On plan,1,better,▲
